{
    "Domain": {
        "dim": 2,
        "nx": 300,
        "ny": 1,
        "nz": 300,
        "dx": 0.5,
        "dy": 1,
        "dz": 0.5,
        "cpml": 20,
        "nmats": 1,
        "image_file": "simple.png"
    },
    "Materials": [
        {
            "id": 0,
            "name": "ice1h",
            "rgb": "164/128/97",
            "temperature": -10,
            "density": 900,
            "porosity": 0,
            "water_content": 0,
            "is_anisotropic": false,
            "euler_angles": null
        }
    ],
    "Seismic": {
        "Source": {
            "dt": 4.068878306531974e-05,
            "time_steps": 2000,
            "x": 75.0,
            "y": 75.0,
            "z": 75.0,
            "xind": 150,
            "yind": 75,
            "zind": 150,
            "source_frequency": 100.0,
            "x-z_rotation": 90,
            "x-y_rotation": 0,
            "amplitude": 1000000.0,
            "source_type": "gaus1"
        },
        "Attenuation": [
            {
                "id": 0,
                "name": null,
                "gamma_x": 5,
                "gamma_y": 5,
                "gamma_z": 5,
                "reference_frequency": 1.0
            }
        ],
        "Stiffness_Coefficients": [
            {
                "id": 0,
                "c11": 13999385990.0,
                "c12": 7130522717.0,
                "c13": 5809612100.0,
                "c14": 0.0,
                "c15": 0.0,
                "c16": 0.0,
                "c22": 13999385990.0,
                "c23": 5809612100.0,
                "c24": 0.0,
                "c25": 0.0,
                "c26": 0.0,
                "c33": 15100474930.0,
                "c34": 0.0,
                "c35": 0.0,
                "c36": 0.0,
                "c44": 3037277317.0,
                "c45": 0.0,
                "c46": 0.0,
                "c55": 3037277317.0,
                "c56": 0.0,
                "c66": 3434431636.0,
                "rho": 900.0
            }
        ]
    },
    "Electromagnetic": {
        "Source": {
            "dt": 1.716937273949185e-09,
            "time_steps": 1500,
            "x": 75.0,
            "y": 75.0,
            "z": 75.0,
            "xind": 150,
            "yind": 75,
            "zind": 150,
            "source_frequency": 10000000.0,
            "x-z_rotation": 0,
            "x-y_rotation": 0,
            "amplitude": 10000000.0,
            "source_type": "gaus1"
        },
        "Permittivity_Coefficients": [
            {
                "id": 0,
                "e11": 3.1793,
                "e12": 0.0,
                "e13": 0.0,
                "e22": 3.1793,
                "e23": 0.0,
                "e33": 3.204899997858
            }
        ],
        "Conductivity_Coefficients": [
            {
                "id": 0,
                "s11": 2.4517638299079197e-05,
                "s12": 0.0,
                "s13": 0.0,
                "s22": 2.4517638299079197e-05,
                "s23": 0.0,
                "s33": 2.4517638299079197e-05
            }
        ]
    }
}